domain,claims,unsupported,round_share,control_share,mean_pct,fresh_claims,fresh_unsupported,kind
shop.simon.com,164551,0.7641,0.1047,0.0422,36.27,31894,0.0000,mixed
www.dtlr.com,124889,0.9768,0.1440,0.0742,77.07,2646,0.0204,standing_tag
www.afew-store.com,101346,0.8540,0.4029,0.0269,39.05,4767,0.0000,standing_tag
extrabutterny.com,74461,0.9995,0.9821,0.0004,43.08,30,0.0000,computed_tag
www.overkillshop.com,71833,0.9972,0.1154,0.0364,41.68,0,,standing_tag
feature.com,63714,0.9998,0.2241,0.0181,30.52,0,,standing_tag
kith.com,60897,0.9984,0.3394,0.0042,52.60,38,0.0000,standing_tag
footdistrict.com,55743,0.9712,0.7017,0.0007,44.01,747,0.0000,computed_tag
www.flatspot.com,47800,0.9974,0.5514,0.0036,36.00,0,,standing_tag
www.shoepalace.com,42823,0.9628,0.2235,0.0556,41.64,1301,0.0046,standing_tag
www.schrittmacher-shop.com,32718,0.9713,0.0605,0.0768,30.45,899,0.0011,standing_tag
shopnicekicks.com,27807,0.9446,0.2640,0.0295,34.57,1508,0.0000,standing_tag
www.sneakersnstuff.com,26026,0.9877,0.8919,0.0000,48.22,296,0.0000,computed_tag
www.thesneakerone.com,22819,0.9983,0.3405,0.0461,46.71,0,,standing_tag
www.shopwss.com,21913,0.8688,0.1888,0.0769,32.18,2705,0.0122,standing_tag
www.biffi.com,21076,0.9486,1.0000,0.0000,59.97,1051,0.0000,computed_tag
www.urbanjunglestore.com,19943,0.9999,1.0000,0.0000,37.16,2,0.0000,computed_tag
www.slamjam.com,19317,0.9318,0.7348,0.0001,47.66,1318,0.0000,computed_tag
it.oneblockdown.it,19046,0.0016,1.0000,0.0000,41.24,1907,0.0000,percentage_promo
shop.ccs.com,16680,0.7264,0.6041,0.0037,48.12,40,0.0000,mixed
www.routeone.co.uk,16374,0.9712,0.3236,0.0533,44.97,396,0.0000,standing_tag
www.gate194.berlin,16243,0.9432,0.6259,0.0208,43.11,677,0.0000,computed_tag
sneakerpolitics.com,15015,0.8063,0.9948,0.0006,42.01,2687,0.0000,computed_tag
www.bananabenz.it,14092,0.3084,0.7534,0.0000,32.25,51,0.0000,mixed
welcomeleeds.com,13381,1.0000,0.5751,0.0112,35.49,0,,standing_tag
shop.doverstreetmarket.com,13377,1.0000,0.9998,0.0000,55.78,0,,computed_tag
www.slamcity.com,12985,0.8477,0.1717,0.0610,43.89,1963,0.0010,standing_tag
www.soleclassics.com,12767,0.5138,0.8397,0.0114,37.27,6174,0.0000,mixed
www.starcowparis.com,10882,0.9814,0.8883,0.0023,33.64,193,0.0000,computed_tag
www.urbanindustry.co.uk,9881,0.9618,0.6744,0.0086,35.87,108,0.0000,computed_tag
www.wannastyle.com,9687,1.0000,1.0000,0.0000,38.55,0,,computed_tag
www.152store.com,9362,0.9447,0.5138,0.0109,26.14,16,0.0000,standing_tag
www.cultizm.com,8762,0.9462,0.2505,0.0229,44.37,357,0.0728,standing_tag
www.nugnes1920.com,8389,0.9976,0.6364,0.0114,41.54,13,0.0000,computed_tag
www.urbanstaroma.com,8274,0.9867,0.9889,0.0004,50.27,81,0.0000,computed_tag
corporategotem.com,8201,0.9405,0.3993,0.0389,35.71,474,0.0000,standing_tag
www.consuelastore.com,7163,0.9872,0.1389,0.0490,41.22,88,0.0000,standing_tag
shoelosophy.it,6553,0.9712,0.9585,0.0050,44.67,181,0.0000,computed_tag
undefeated.com,6429,0.8049,0.1426,0.0275,40.52,1254,0.0000,standing_tag
superstylin.it,6167,0.7273,0.3548,0.0023,50.17,0,,mixed
www.footpatrol.com,5681,0.9537,0.1882,0.0540,39.81,210,0.0000,standing_tag
solestreetau.com,5586,0.9105,0.1846,0.0557,44.44,445,0.0000,standing_tag
www.orangejungle.de,5170,0.9896,0.4615,0.0271,22.97,0,,standing_tag
www.antonioli.eu,4954,0.9956,0.9049,0.0000,39.11,0,,computed_tag
stndrdnola.com,4815,0.9065,0.2206,0.0621,29.96,450,0.0000,standing_tag
stay-rooted.com,4491,1.0000,0.7139,0.0118,38.37,0,,computed_tag
www.blowoutshop.de,4442,0.9777,0.5209,0.0158,41.56,30,0.0000,standing_tag
harresoe.com,4046,0.9829,1.0000,0.0000,60.63,0,,computed_tag
www.lapstoneandhammer.com,3578,1.0000,0.5268,0.0612,36.13,3569,1.0000,standing_tag
www.patta.nl,3515,1.0000,0.1553,0.0319,40.96,0,,standing_tag
www.dope-factory.com,3503,0.9592,0.9989,0.0000,45.99,127,0.0000,computed_tag
www.bbcicecream.com,3108,0.2925,1.0000,0.0000,41.88,900,0.0000,mixed
dropoutmilano.com,3027,0.9990,0.0932,0.1566,20.15,0,,standing_tag
www.likelihood.us,2997,0.9803,0.7491,0.0003,39.45,43,0.0000,computed_tag
www.par5milano.com,2969,0.9902,0.2540,0.0862,23.05,0,,standing_tag
www.superga.com,2895,0.5330,1.0000,0.0000,42.31,0,,mixed
throwback-sneakers.com,2504,0.9241,0.1893,0.0192,31.02,41,0.0000,standing_tag
www.vooberlin.com,2372,0.0835,0.9975,0.0000,57.82,0,,percentage_promo
wearestrap.com,2331,1.0000,0.2141,0.0292,48.94,0,,standing_tag
www.suitnegozi.com,2254,0.9920,1.0000,0.0000,59.85,0,,computed_tag
12pulgadasbcn.com,2224,0.9415,0.9798,0.0000,39.49,26,0.0000,computed_tag
www.triplebasket.it,2224,0.8129,0.9011,0.0094,38.44,22,0.0000,computed_tag
www.specialmilano.com,2199,0.9759,0.7517,0.0064,24.78,35,0.0000,computed_tag
www.socialstatuspgh.com,1980,1.0000,0.8697,0.0000,36.95,0,,computed_tag
www.freshmansarchive.com,1690,1.0000,0.2503,0.0432,44.21,3,1.0000,standing_tag
www.woodstack.com,1516,0.9815,0.3193,0.0343,34.69,26,0.0000,standing_tag
blacksheepskateshop.com,1377,0.5047,0.1344,0.0537,31.24,740,0.0919,mixed
www.laferramenta.org,1345,0.9918,1.0000,0.0000,69.88,3,0.0000,computed_tag
representclo.com,1261,0.1174,0.4893,0.0016,49.91,1113,0.0000,supported
spectrumstore.com,1258,0.6733,0.3983,0.1192,28.60,0,,mixed
www.a-ma-maniere.com,1171,0.9983,0.9342,0.0000,35.88,0,,computed_tag
cncpts.com,1161,0.8363,0.3902,0.0164,54.71,189,0.0000,standing_tag
www.mumbaiskate.com,1106,0.9928,0.2586,0.1166,38.11,8,0.0000,standing_tag
shop.bdgastore.com,1103,0.9266,0.9148,0.0045,28.06,81,0.0000,computed_tag
www.asos.com,854,0.8396,0.0726,0.0574,18.73,96,0.1146,standing_tag
www.stickabush.com,702,0.9986,0.1595,0.0342,18.48,0,,standing_tag
www.shoebedo.de,681,1.0000,0.2687,0.0617,29.88,0,,standing_tag
kickingit.com,677,1.0000,0.7533,0.0207,45.01,0,,computed_tag
bowsandarrowsberkeley.com,674,0.7522,0.2522,0.0504,38.39,167,0.0000,mixed
laceupnyc.com,608,0.9819,0.3306,0.0000,20.26,2,0.0000,standing_tag
www.nationalstandard.fr,604,0.9288,0.1407,0.0000,37.13,0,,standing_tag
www.apbstore.com,539,1.0000,0.7477,0.0000,33.12,0,,computed_tag
www.edgar-bdx.com,439,0.9476,0.2825,0.0000,48.67,0,,standing_tag
shopoverload.com,424,0.8986,0.8632,0.0094,31.31,43,0.0000,computed_tag
transalpino.co.uk,422,0.9976,0.0403,0.0000,53.52,1,0.0000,standing_tag
www.academyandco.com,393,1.0000,1.0000,0.0000,50.00,0,,computed_tag
shoegallerymiami.com,249,0.4297,0.2008,0.0000,51.20,153,0.0719,mixed
